drop database hr_database
CREATE DATABASE HR_Database 

CREATE TABLE regions (
	region_id INT PRIMARY KEY,
	region_name VARCHAR (25) DEFAULT NULL
	);

CREATE TABLE countries (
	country_id CHAR (2) PRIMARY KEY,
	country_name VARCHAR (40) DEFAULT NULL,
	region_id INT NOT NULL,
	FOREIGN KEY (region_id) REFERENCES regions (region_id) 
	ON DELETE CASCADE ON UPDATE CASCADE
	);

CREATE TABLE locations (
	location_id INT PRIMARY KEY,
	street_address VARCHAR (40) DEFAULT NULL,
	postal_code VARCHAR (12) DEFAULT NULL,
	city VARCHAR (30) NOT NULL,
	state_province VARCHAR (25) DEFAULT NULL,
	country_id CHAR (2) NOT NULL,
	FOREIGN KEY (country_id) REFERENCES countries (country_id) ON DELETE
	CASCADE ON UPDATE CASCADE
	);

CREATE TABLE jobs (
	job_id INT PRIMARY KEY,
	job_title VARCHAR (35) NOT NULL,
	min_salary DECIMAL (8, 2) DEFAULT NULL,
	max_salary DECIMAL (8, 2) DEFAULT NULL
	);

CREATE TABLE departments (
	department_id INT PRIMARY KEY,
	department_name VARCHAR (30) NOT NULL,
	location_id INT DEFAULT NULL,
	FOREIGN KEY (location_id) REFERENCES locations (location_id) ON DELETE
	CASCADE ON UPDATE CASCADE
	);
	CREATE TABLE employees (
	employee_id INT PRIMARY KEY,
	first_name VARCHAR (20) DEFAULT NULL,
	last_name VARCHAR (25) NOT NULL,
	email VARCHAR (100) NOT NULL,
	phone_number VARCHAR (20) DEFAULT NULL,
	hire_date DATE NOT NULL,
	job_id INT NOT NULL,
	salary DECIMAL (8, 2) NOT NULL,
	manager_id INT DEFAULT NULL,
	department_id INT DEFAULT NULL,
	FOREIGN KEY (job_id) REFERENCES jobs (job_id) ON DELETE CASCADE ON
	UPDATE CASCADE,
	FOREIGN KEY (department_id) REFERENCES departments (department_id) ON
	DELETE CASCADE ON UPDATE CASCADE,
	FOREIGN KEY (manager_id) REFERENCES employees (employee_id)
	);
	CREATE TABLE dependents (
	dependent_id INT PRIMARY KEY,
	first_name VARCHAR (50) NOT NULL,
	last_name VARCHAR (50) NOT NULL,
	relationship VARCHAR (25) NOT NULL,
	employee_id INT NOT NULL,
	FOREIGN KEY (employee_id) REFERENCES employees (employee_id) ON DELETE
	CASCADE ON UPDATE CASCADE
);

/*Data for the table regions */
INSERT INTO regions(region_id,region_name)
VALUES (1,'Europe'),
	   (2,'Americas'),
	   (3,'Asia'),
	   (4,'Middle East and Africa');

/*Data for the table countries */
INSERT INTO countries(country_id,country_name,region_id)
VALUES ('AR','Argentina',2),
	   ('AU','Australia',3),
	   ('BE','Belgium',1),
	   ('BR','Brazil',2),
	   ('CA','Canada',2),
	   ('CH','Switzerland',1),
	   ('CN','China',3),
	   ('DE','Germany',1),
	   ('DK','Denmark',1),
	   ('EG','Egypt',4),
	   ('FR','France',1),
	   ('HK','HongKong',3),
	   ('IL','Israel',4),
	   ('IN','India',3),
	   ('IT','Italy',1),
	   ('JP','Japan',3),
	   ('KW','Kuwait',4),
	   ('MX','Mexico',2),
	   ('NG','Nigeria',4),
	   ('NL','Netherlands',1),
	   ('SG','Singapore',3),
	   ('UK','United Kingdom',1),
	   ('US','United States of America',2),
	   ('ZM','Zambia',4),
	   ('ZW','Zimbabwe',4);
/*Data for the table locations */
INSERT INTO locations(location_id,street_address,postal_code,city,state_province,country_id)
VALUES (1400,'2014 Jabberwocky Rd','26192','Southlake','Texas','US'),
	   (1500,'2011 Interiors Blvd','99236','South San Francisco','California','US'),
	   (1700,'2004 Charade Rd','98199','Seattle','Washington','US'),
	   (1800,'147 Spadina Ave','M5V 2L7','Toronto','Ontario','CA'),
	   (2400,'8204 Arthur St',NULL,'London',NULL,'UK'),
	   (2500,'Magdalen Centre, The Oxford Science Park','OX9 9ZB','Oxford','Oxford','UK'),
	   (2700,'Schwanthalerstr. 7031','80925','Munich','Bavaria','DE');
 /*Data for the table jobs */
INSERT INTO jobs(job_id,job_title,min_salary,max_salary)
VALUES (1,'Public Accountant',4200.00,9000.00),
	   (2,'Accounting Manager',8200.00,16000.00),
	   (3,'Administration Assistant',3000.00,6000.00),
	   (4,'President',20000.00,40000.00),
	   (5,'Administration Vice President',15000.00,30000.00),
	   (6,'Accountant',4200.00,9000.00),
	   (7,'Finance Manager',8200.00,16000.00),
	   (8,'Human Resources Representative',4000.00,9000.00),
	   (9,'Programmer',4000.00,10000.00),
	   (10,'Marketing Manager',9000.00,15000.00),
	   (11,'Marketing Representative',4000.00,9000.00),
	   (12,'Public Relations Representative',4500.00,10500.00),
	   (13,'Purchasing Clerk',2500.00,5500.00),
	   (14,'Purchasing Manager',8000.00,15000.00),
	   (15,'Sales Manager',10000.00,20000.00),
	   (16,'Sales Representative',6000.00,12000.00),
	   (17,'Shipping Clerk',2500.00,5500.00),
	   (18,'Stock Clerk',2000.00,5000.00),
	   (19,'Stock Manager',5500.00,8500.00);
/*Data for the table departments */
INSERT INTO departments(department_id,department_name,location_id)
VALUES (1,'Administration',1700),
	   (2,'Marketing',1800),
	   (3,'Purchasing',1700),
	   (4,'Human Resources',2400),
	   (5,'Shipping',1500),
	   (6,'IT',1400),
	   (7,'Public Relations',2700),
	   (8,'Sales',2500),
	   (9,'Executive',1700),
	   (10,'Finance',1700),
	   (11,'Accounting',1700);
/*Data for the table employees */
INSERT INTO 
		employees(employee_id,first_name,last_name,email,phone_number,hire_date,job_id,salary,manager_id,department_id) 
values			
		(100,'Steven','King','steven.king@sqltutorial.org','515.123.4567','6/17/1987',4,24000.00,NULL,9),
		(101,'Neena','Kochhar','neena.kochhar@sqltutorial.org','515.123.4568','9/21/1989',5,17000.00,100,9),
		(102,'Lex','De Haan','lex.de haan@sqltutorial.org','515.123.4569','1/13/1993',5,17000.00,100,9),
		(103,'Alexander','Hunold','alexander.hunold@sqltutorial.org','590.423.4567','1/3/1990',9,9000.00,102,6),
		(104,'Bruce','Ernst','bruce.ernst@sqltutorial.org','590.423.4568','5/21/1991',9,6000.00,103,6),
		(105,'David','Austin','david.austin@sqltutorial.org','590.423.4569','6/25/1997',9,4800.00,103,6),
		(106,'Valli','Pataballa','valli.pataballa@sqltutorial.org','590.423.4560','2/5/1998',9,4800.00,103,6),
		(107,'Diana','Lorentz','diana.lorentz@sqltutorial.org','590.423.5567','2/7/1999',9,4200.00,103,6),
		(108,'Nancy','Greenberg','nancy.greenberg@sqltutorial.org','515.124.4569','8/17/1994',7,12000.00,101,10),
		(109,'Daniel','Faviet','daniel.faviet@sqltutorial.org','515.124.4169','8/16/1994',6,9000.00,108,10),
		(110,'John','Chen','john.chen@sqltutorial.org','515.124.4269','9/28/1997',6,8200.00,108,10),
		(111,'Ismael','Sciarra','ismael.sciarra@sqltutorial.org','515.124.4369','9/30/1997',6,7700.00,108,10),
		(112,'Jose Manuel','Urman','jose manuel.urman@sqltutorial.org','515.124.4469','3/7/1998',6,7800.00,108,10),
		(113,'Luis','Popp','luis.popp@sqltutorial.org','515.124.4567','12/7/1999',6,6900.00,108,10),
		(114,'Den','Raphaely','den.raphaely@sqltutorial.org','515.127.4561','12/7/1994',14,11000.00,100,3),
		(115,'Alexander','Khoo','alexander.khoo@sqltutorial.org','515.127.4562','5/18/1995',13,3100.00,114,3),
		(116,'Shelli','Baida','shelli.baida@sqltutorial.org','515.127.4563','12/24/1997',13,2900.00,114,3),
		(117,'Sigal','Tobias','sigal.tobias@sqltutorial.org','515.127.4564','7/24/1997',13,2800.00,114,3),
		(118,'Guy','Himuro','guy.himuro@sqltutorial.org','515.127.4565','11/15/1998',13,2600.00,114,3),
		(119,'Karen','Colmenares','karen.colmenares@sqltutorial.org','515.127.4566','8/10/1999',13,2500.00,114,3),
		(120,'Matthew','Weiss','matthew.weiss@sqltutorial.org','650.123.1234','7/18/1996',19,8000.00,100,5),
		(121,'Adam','Fripp','adam.fripp@sqltutorial.org','650.123.2234','4/10/1997',19,8200.00,100,5),
		(122,'Payam','Kaufling','payam.kaufling@sqltutorial.org','650.123.3234','5/1/1995',19,7900.00,100,5),
		(123,'Shanta','Vollman','shanta.vollman@sqltutorial.org','650.123.4234','10/10/1997',19,6500.00,100,5),
		(126,'Irene','Mikkilineni','irene.mikkilineni@sqltutorial.org','650.124.1224','9/28/1998',18,2700.00,120,5),
		(145,'John','Russell','john.russell@sqltutorial.org',NULL,'10/1/1996',15,14000.00,100,8),
		(146,'Karen','Partners','karen.partners@sqltutorial.org',NULL,'1/5/1997',15,13500.00,100,8),
		(176,'Jonathon','Taylor','jonathon.taylor@sqltutorial.org',NULL,'3/24/1998',16,8600.00,100,8),
		(177,'Jack','Livingston','jack.livingston@sqltutorial.org',NULL,'4/23/1998',16,8400.00,100,8),
		(178,'Kimberely','Grant','kimberely.grant@sqltutorial.org',NULL,'5/24/1999',16,7000.00,100,8),
		(179,'Charles','Johnson','charles.johnson@sqltutorial.org',NULL,'1/4/2000',16,6200.00,100,8),
		(192,'Sarah','Bell','sarah.bell@sqltutorial.org','650.501.1876','2/4/1996',17,4000.00,123,5),
		(193,'Britney','Everett','britney.everett@sqltutorial.org','650.501.2876','3/3/1997',17,3900.00,123,5),
		(200,'Jennifer','Whalen','jennifer.whalen@sqltutorial.org','515.123.4444','9/17/1987',3,4400.00,101,1),
		(201,'Michael','Hartstein','michael.hartstein@sqltutorial.org','515.123.5555','2/17/1996',10,13000.00,100,2),
		(202,'Pat','Fay','pat.fay@sqltutorial.org','603.123.6666','8/17/1997',11,6000.00,201,2),
		(203,'Susan','Mavris','susan.mavris@sqltutorial.org','515.123.7777','6/7/1994',8,6500.00,101,4),
		(204,'Hermann','Baer','hermann.baer@sqltutorial.org','515.123.8888','6/7/1994',12,10000.00,101,7),
		(205,'Shelley','Higgins','shelley.higgins@sqltutorial.org','515.123.8080','6/7/1994',2,12000.00,101,11);
/*Data for the table dependents */
INSERT INTO dependents(dependent_id,first_name,last_name,relationship,employee_id)
VALUES 
	   (2,'Nick','Higgins','Child',205),
	   (3,'Ed','Whalen','Child',200),
	   (4,'Jennifer','King','Child',100),
	   (5,'Johnny','Kochhar','Child',101),
	   (6,'Bette','De Haan','Child',102),
	   (7,'Grace','Faviet','Child',109),
	   (8,'Matthew','Chen','Child',110),
	   (9,'Joe','Sciarra','Child',111),
       (10,'Christian','Urman','Child',112),
	   (11,'Zero','Popp','Child',113),
	   (12,'Karl','Greenberg','Child',108),
	   (13,'Uma','Mavris','Child',203),
	   (14,'Vivien','Hunold','Child',103),
       (15,'Cuba','Ernst','Child',104),
	   (16,'Fred','Austin','Child',105),
	   (17,'Helen','Pataballa','Child',106),
	   (18,'Dan','Lorentz','Child',107),
	   (19,'Bob','Hartstein','Child',201),
	   (20,'Lucille','Fay','Child',202),
	   (21,'Kirsten','Baer','Child',204),
	   (22,'Elvis','Khoo','Child',115),
	   (23,'Sandra','Baida','Child',116),
	   (24,'Cameron','Tobias','Child',117),
       (25,'Kevin','Himuro','Child',118),
	   (26,'Rip','Colmenares','Child',119),
	   (27,'Julia','Raphaely','Child',114),
	   (28,'Woody','Russell','Child',145),
	   (29,'Alec','Partners','Child',146),
       (30,'Sandra','Taylor','Child',176);

--TASK 1
--1)WRITE A QUERY FOR SELECT STATEMENTS :-
--A. To get data from all the rows and columns in the employees table:
		SELECT * FROM employees;

--B. select data from the employee id, first name, last name, and hire date of all rows in the employees table:
		SELECT employee_id,first_name,last_name,hire_date
		FROM employees;

--C. to get the first name, last name, salary, and new salary:
		SELECT first_name,last_name,salary,SUM(salary*2) AS new_salary
		FROM employees
		GROUP BY salary,first_name,last_name;

--D. Increase the salary two times and named as New_SALARY from employees table
		SELECT salary, SUM(salary*2) AS New_salary
		FROM employees
		GROUP BY salary;

--2)WRITE A QUERY FOR ORDER BY STATEMENTS :-
--A. returns the data from the employee id, first name, last name, hire date, and salary column of the employees table:
		SELECT employee_id,first_name,last_name,hire_date,salary
		FROM employees
		ORDER BY salary DESC;

--B. to sort employees by first names in alphabetical order:
		SELECT employee_id,first_name
		FROM employees
		ORDER BY first_name ASC;

--C. to sort the employees by the first name in ascending order and the last name in descending order:
		SELECT employee_id,first_name,last_name
		FROM employees
		ORDER BY first_name ASC, last_name DESC;
		
--D. to sort employees by salary from high to low:
		SELECT * FROM employees
		ORDER BY salary DESC;

--E. to sort the employees by values in the hire_date column from:
		SELECT * FROM employees
		ORDER BY hire_date;

--F. sort the employees by the hire dates in descending order:
		SELECT * FROM employees
		ORDER BY hire_date DESC;

--3)WRITE A QUERY FOR DISTINCT STATEMENTS :-
--A. selects the salary data from the salary column of the employees table and sorts them from high to low:
		SELECT DISTINCT salary
		FROM employees
		ORDER BY salary DESC;

--B. select unique values from the salary column of the employees table:
		SELECT DISTINCT salary
		FROM employees;

--C. selects the job id and salary from the employees table:
		SELECT job_id,salary
		FROM employees;	   
--D. to remove the duplicate values in job id and salary:
		SELECT DISTINCT job_id,salary
		FROM employees;
--E. returns the distinct phone numbers of employees
		SELECT DISTINCT phone_number
		FROM employees;	
--4)WRITE A QUERY FOR TOP N STATEMENTS :-
--A. returns all rows in the employees table sorted by the first_name column.
		SELECT * FROM employees
		ORDER BY first_name; 
--B. to return the first 5 rows in the result set returned by the SELECT clause:
		SELECT TOP 5 * FROM employees
		ORDER BY first_name;   
--C. to return five rows starting from the 4th row:
		SELECT  * FROM employees
		ORDER BY employee_id
		OFFSET 4 ROWS
		FETCH NEXT 5 ROWS ONLY;
--D. gets the top five employees with the highest salaries.
		SELECT TOP 5 * FROM employees
		ORDER BY salary DESC;  
--E. to get employees who have the 2nd highest salary in the company
		SELECT TOP 2 * FROM employees
		ORDER BY salary DESC
		OFFSET 1 ROWS;

--WHERE CLAUSE and COMPARISON OPERATORS
--A. query finds employees who have salaries greater than 14,000 and sorts the results sets based on the salary in descending order.
		SELECT employee_id,first_name,last_name, salary
		FROM employees
		WHERE salary>14000
		ORDER BY salary DESC;

--B. query finds all employees who work in the department id 5.
		SELECT * FROM employees
		WHERE department_id=5;

--C. query finds the employee whose last name is Chen
		SELECT first_name,last_name,employee_id
		FROM employees
		WHERE last_name LIKE 'Chen';

--D. To get all employees who joined the company after January 1st, 1999
		SELECT * FROM employees
		WHERE hire_date>'1/1/1999';

--E. to find the employees who joined the company in 1999
		SELECT * FROM employees 
		WHERE YEAR(hire_date)=1999;

--F. statement finds the employee whose last name is Himuro
		SELECT first_name,last_name,employee_id
		FROM employees
		WHERE last_name LIKE 'Himuro';

--G. the query searches for the string Himuro in the last_name column of the employees table.
		SELECT last_name
		FROM employees
		WHERE last_name LIKE 'Himuro';

--H. to find all employees who do not have phone numbers:
		SELECT * FROM employees
		WHERE phone_number IS NULL;

--I. returns all employees whose department id is not 8.
		SELECT * FROM employees
		WHERE NOT department_id=8;

--J. finds all employees whose department id is not eight and ten.
		SELECT * FROM employees
		WHERE NOT department_id IN(8,10);

--K. to find the employees whose salary is greater than 10,000,
		SELECT employee_id, first_name+' '+last_name AS employee_name,salary
		FROM employees
		WHERE salary>10000;
--L. finds employees in department 8 and have the salary greater than 10,000:
		SELECT  employee_id, first_name+' '+last_name AS employee_name, department_id,salary
		FROM employees
		WHERE department_id=8 AND salary>10000;
--M. the statement below returns all employees whose salaries are less than 10,000:
		SELECT employee_id, first_name+' '+last_name AS employee_name,salary
		FROM employees
		WHERE salary<10000;
--N. finds employees whose salaries are greater than or equal 9,000:
		SELECT * FROM employees
		WHERE salary>=9000;
--O. finds employees whose salaries are less than or equal to 9,000:
		SELECT * FROM employees
		WHERE salary<=9000;

--UPDATE AND DELETION 
		CREATE TABLE courses(
		course_id INT PRIMARY KEY,
		course_name VARCHAR (25) DEFAULT NULL
		);
--A. adds a new column named credit_hours to the courses table.
		ALTER Table Courses
		ADD	credit_hours INT NULL;
		SELECT * FROM courses

--B. adds the fee and max_limit columns to the courses table and places these columns after the course_name column.
		ALTER Table Courses
		ADD fee INT NULL, max_limit INT NULL;

--C. changes the attribute of the fee column to NOT NULL.
		ALTER TABLE courses
		ALTER COLUMN fee INT NOT NULL;
--D. to remove the fee column of the courses table
		ALTER TABLE courses
		DROP COLUMN fee;
--E. removes the max_limit and credit_hours of the courses table.
		ALTER TABLE courses
		DROP COLUMN max_limit, credit_hours;

--Write a Query	
--A. to add an SQL FOREIGN KEY constraint to the project_milestones table to enforce the relationship between the projects and project_milestones tables.
		CREATE TABLE projects (
		project_id INT PRIMARY KEY,
		project_name VARCHAR(255),
		start_date DATE NOT NULL,
		end_date DATE NOT NULL
		);
		CREATE TABLE project_milestones(
		milestone_id INT PRIMARY KEY,
		project_id INT FOREIGN KEY REFERENCES Projects(Project_id),
		milestone_name VARCHAR(100)
		);
	

--B. Suppose the project_milestones already exists without any predefined foreign key and you want to define a FOREIGN KEY constraint for the project_id column so write a Query to add a FOREIGN KEY constraint to existing table
		
		Alter table Project_milestones
		add constraint FK_Project12
		foreign key(project_Id)
		references projects(project_ID);

------TASK 2:Logical Operators and Special Operators

-----1)WRITE A QUERY FOR LOGICAL OPERATORS and OTHER ADVANCED OPERATORS:-
---------Part 1:-
--A. finds all employees whose salaries are greater than 5,000 and less than 7,000:
		SELECT first_name+' ' + last_name AS employee_name, salary
		FROM employees
		WHERE salary> 5000 AND SALARY<7000;

--B. finds employees whose salary is either 7,000 or 8,000:
		SELECT first_name+' ' + last_name AS employee_name, salary
		FROM employees
		WHERE salary IN(7000,8000);
		
--C. finds all employees who do not have a phone number:
		SELECT first_name+' ' + last_name AS employee_name, phone_number
		FROM employees
		WHERE phone_number= NULL;

--D. finds all employees whose salaries are between 9,000 and 12,000.
		SELECT first_name+' ' + last_name AS employee_name, salary
		FROM employees
		WHERE salary BETWEEN 9000 AND 12000;
--E. finds all employees who work in the department id 8 or 9.
		SELECT first_name+' ' + last_name AS employee_name, department_id
		FROM employees
		WHERE department_id IN (8,9);
--F. finds all employees whose first name starts with the string jo
		SELECT first_name+' ' + last_name AS employee_name
		FROM employees
		WHERE first_name LIKE 'jo%';

--G. finds all employees with the first names whose the second character is h
		SELECT first_name+' ' + last_name AS employee_name
		FROM employees
		WHERE first_name LIKE '_h%';
--H. finds all employees whose salaries are greater than all salaries of employees in the department 8:
		SELECT first_name+' ' + last_name AS employee_name,salary
		FROM employees
		WHERE salary>(SELECT MAX(salary )from employees where department_id=8);
--Part 2:-
--A. finds all employees whose salaries are greater than the average salary of every department:
		SELECT first_name+' ' + last_name AS employee_name, salary
		FROM employees
		WHERE salary> (SELECT AVG(salary) AS Average_Salary FROM employees)
--B. finds all employees who have dependents:
		SELECT employees.employee_id,employees.first_name+' ' + employees.last_name AS employees_with_dependents
		FROM employees 
        JOIN dependents
		ON employees.employee_id=dependents.employee_id
		WHERE  dependents.dependent_id=(SELECT employee_id FROM employees)
--C. to find all employees whose salaries are between 2,500 and 2,900:
		SELECT first_name+' ' + last_name AS employee_name, salary
		FROM employees
		WHERE salary BETWEEN 2500 AND 2900;

--D. to find all employees whose salaries are not in the range of 2,500 and 2,900:
		SELECT first_name+' ' + last_name AS employee_name, salary
		FROM employees
		WHERE salary NOT BETWEEN 2500 AND 2900;

--E. to find all employees who joined the company between January 1, 1999, and December 31, 2000:
		SELECT first_name+' '+ last_name AS employee_name, hire_date
		FROM employees
		WHERE hire_date BETWEEN '1-1-1999' AND '12-31-2000';

--F. to find employees who have not joined the company from January 1, 1989 to December 31, 1999:
		SELECT first_name+' '+ last_name AS employee_name, hire_date
		FROM employees
		WHERE hire_date NOT BETWEEN '1-1-1989' AND '12-31-1999';

--G. to find employees who joined the company between 1990 and 1993:
		SELECT first_name+' '+ last_name AS employee_name, hire_date
		FROM employees
		WHERE YEAR(hire_date) BETWEEN 1990 AND 1993;
--Part 3:-
--A. to find all employees whose first names start with Da
		SELECT first_name+' ' + last_name AS employee_name
		FROM employees
		WHERE first_name LIKE 'Da%';
--B. to find all employees whose first names end with er
		SELECT first_name+' ' + last_name AS employee_name
		FROM employees
		WHERE first_name LIKE '%er';
--C. to find employees whose last names contain the word an:
		SELECT first_name+' ' + last_name AS employee_name
		FROM employees
		WHERE first_name LIKE '%an%';
--D. retrieves employees whose first names start with Jo and are followed by at most 2 characters:
		SELECT first_name+' ' + last_name AS employee_name
		FROM employees
		WHERE first_name LIKE 'jo__';
--E. to find employees whose first names start with any number of characters and are followed by atmost one character:
		SELECT first_name+' ' + last_name AS employee_name
		FROM employees
		WHERE first_name LIKE '%_';
--F. to find all employees whose first names start with the letter S but not start with Sh:
		SELECT first_name+' ' + last_name AS employee_name
		FROM employees
		WHERE first_name LIKE 'S%' AND first_name NOT LIKE 'Sh%';
--Part 4:-
--A. retrieves all employees who work in the department id 5.
		SELECT first_name+' ' + last_name AS employees_in_department_5
		FROM employees
		WHERE department_id=5;
--B. To get the employees who work in the department id 5 and with a salary not greater than 5000.
		SELECT first_name+' ' + last_name AS employee_name, salary
		FROM employees
		WHERE department_id=5 AND salary<=5000;
--C. statement gets all the employees who are not working in the departments 1, 2, or 3.
		SELECT first_name+' ' + last_name AS employee_name
		FROM employees
		WHERE department_id NOT IN(1,2,3);
--D. retrieves all the employees whose first names do not start with the letter D.
		SELECT first_name+' ' + last_name AS employee_name
		FROM employees
		WHERE first_name NOT LIKE 'D%';
--E. to get employees whose salaries are not between 5,000 and 1,000.
		SELECT first_name+' ' + last_name AS employee_name, salary
		FROM employees
		WHERE salary NOT BETWEEN 1000 AND 5000;
--Part 5:
--A. Write a query to get the employees who do not have any dependents by above image
		
--B. To find all employees who do not have the phone numbers
		SELECT first_name+' ' + last_name AS employee_name, phone_number
		FROM employees
		WHERE phone_number= NULL;
--C. To find all employees who have phone numbers
		SELECT first_name + ' ' + last_name AS employee_name, phone_number
		FROM employees
		WHERE phone_number IS NOT NULL;
--TASK 3:
--JOINS:-

--1) Write a Query to
--A. To get the information of the department id 1,2, and 3
		SELECT employees.department_id,department_name, first_name +' '+ last_name AS Employee_name
		FROM departments
		JOIN employees
		ON departments.department_id=employees.department_id
		WHERE employees.department_Id IN(1,2,3)
		ORDER BY employees.department_id ASC;
		
--B. Write a Query to get the first name, last name, job title, and department name of employees who work in department id 1, 2, and 3.
		SELECT first_name,last_name,job_title,department_name
		FROM employees
		JOIN jobs
		ON employees.job_id=jobs.job_id
		JOIN departments
		ON employees.department_id=departments.department_id
		WHERE employees.department_id IN(1,2,3);
--Write a Query :--
--A. To query the country names of US, UK, and China
		SELECT country_name FROM countries
		WHERE country_name IN('US','UK','China');
--B. query retrieves the locations located in the US, UK and China:
		SELECT * FROM locations
		SELECT * FROM countries
		SELECT location_id,city,state_province,country_name
		FROM locations
		LEFT JOIN countries
		ON locations.country_id=countries.country_id
		WHERE country_name IN('United States of America','United Kingdom','China');
		
--C. To join the countries table with the locations table
		SELECT * FROM locations
		LEFT JOIN countries
		ON locations.country_id=countries.country_id;

--D. to find the country that does not have any locations in the locations table
		 SELECT country_name FROM countries
		 LEFT JOIN locations
		 ON countries.country_id=locations.location_id
		 WHERE countries.country_id NOT IN ( SELECT country_id FROM locations);

--Write a query to join 3 tables: regions, countries, and locations
		SELECT * FROM regions
		JOIN countries 
		ON countries.region_id=regions.region_id
		JOIN locations
		ON countries.country_id=locations.country_id;

--The manager_id column specifies the manager of an employee. Write a query statement to joins the employees table to itself to query the information of who reports to whom.
		SELECT A.first_name+' '+A.last_name AS employee, B.first_name +' '+B.last_name AS Manager
		FROM employees A
		JOIN employees B
		ON A.manager_id=B.employee_id;
-- To include the president(who does not have a manager) in the result set:-
		SELECT A.first_name + ' '+ A.last_name AS employee,
		B.first_name +' '+ B.last_name AS Manager
		FROM employees A
		JOIN employees B
		ON A.manager_id=B.employee_id
		SELECT first_name +' '+ last_name AS President
		FROM employees 
		WHERE manager_id IS NULL;
		
--CREATE 2 new tables and insert values
		CREATE TABLE fruits (
		fruit_id INT PRIMARY KEY,
		fruit_name VARCHAR (255) NOT NULL,
		basket_id INTEGER
		);
		CREATE TABLE baskets (
		basket_id INT PRIMARY KEY,
		basket_name VARCHAR (255) NOT NULL
		);
		INSERT INTO baskets (basket_id, basket_name)
		VALUES
			(1, 'A'),
			(2, 'B'),
			(3, 'C');
		INSERT INTO fruits
		(fruit_id,
		fruit_name,
		basket_id)
		VALUES
		(1, 'Apple', 1),
		(2, 'Orange', 1),
		(3, 'Banana', 2),
		(4, 'Strawberry', NULL);
--A. Write a query to return each fruit that is in a basket and each basket that has a fruit, but also returns each fruit that is not in any basket and each basket that does not have any fruit.
		SELECT fruit_name ,basket_name
		FROM fruits
		FULL OUTER JOIN baskets
		ON fruits.basket_id=baskets.basket_id
		GROUP BY basket_name,fruit_name
--B. Write a query to find the empty basket, which does not store any fruit
		SELECT basket_name 
		FROM baskets
		LEFT JOIN fruits
		ON baskets.basket_id=fruits.basket_id
		WHERE fruits.basket_id IS NULL;
--C. Write a query which fruit is not in any basket
		SELECT fruit_name
		FROM fruits
		LEFT JOIN baskets
		ON fruits.basket_id=baskets.basket_id
		WHERE fruits.basket_id IS NULL;

--CREATE new tables
		CREATE TABLE sales_organization (
			sales_org_id INT PRIMARY KEY,
			sales_org VARCHAR (255)
		);
		CREATE TABLE sales_channel (
			channel_id INT PRIMARY KEY,
			channel VARCHAR (255)
		)
		INSERT INTO sales_organization (sales_org_id, sales_org)
		VALUES
		(1, 'Domestic'),
		(2, 'Export');
		INSERT INTO sales_channel (channel_id, channel)
		VALUES
		(1, 'Wholesale'),
		(2, 'Retail'),
		(3, 'eCommerce'),
		(4, 'TV Shopping');
--Write a Query To find the all possible sales channels that a sales organization has
		SELECT sales_org AS SalesOrganization,channel AS SalesChannel FROM sales_channel
		CROSS JOIN sales_organization

--Write a Query
--A. to group the values in department_id column of the employees table:
		SELECT * FROM employees
		GROUP BY department_id
--B. to count the number of employees by department:
		SELECT Department_id,COUNT(employee_id) AS Number_of_Employees
		FROM employees
		GROUP BY department_id;
--C. returns the number of employees by department
		SELECT Department_name,COUNT(employee_id) AS Number_of_Employees
		FROM employees
		JOIN departments
		ON Employees.department_id=departments.department_id
		GROUP BY department_name;
--D. to sort the departments by headcount:
		SELECT Department_name AS Department,COUNT(employee_id) AS HeadCount
		FROM employees
		JOIN departments
		ON employees.department_id=departments.department_id
		GROUP BY department_name;
--E. to find departments with headcounts are greater than 5:
		SELECT Department_name AS Department,COUNT(employee_id) AS HeadCount
		FROM employees
		JOIN departments
		ON employees.department_id=departments.department_id
		GROUP BY department_name
		HAVING COUNT(employee_id)>5
--F. returns the minimum, maximum and average salary of employees in each department.
		SELECT department_name,MIN(salary) AS Minimum_Salary,MAX(salary) AS Maximum_Salary, AVG(salary) AS Average_Salary
		FROM employees
		JOIN departments
		ON employees.department_id=departments.department_id
		GROUP BY department_name;
--G. To get the total salary per department
		SELECT department_id,SUM(salary) AS Total_Salary
		FROM employees
		GROUP BY department_id;
--H. returns the number of employees working at the same position in the same department
		SELECT 	Department_Name,Job_Title, COUNT(employee_id) AS Number_Of_Employees
		from employees	 e
		inner join departments d
		on e.department_id=d.department_id
		inner join jobs j
		on j.job_id=e.job_id
		group by department_name,job_title

--QUERIES ON HAVING CLAUSE
--A. To get the managers and their direct reports, 
		SELECT A.first_name + ' '+ A.last_name AS Manager,
		B.first_name +' '+ B.last_name AS Employee
		FROM employees A
		JOIN employees B
		ON A.employee_id=B.manager_id
		ORDER BY A.first_name + ' '+ A.last_name;
		
--and to group employees by the managers and to count the direct reports.
		SELECT A.first_name + ' '+ A.last_name AS Manager,
		COUNT(B.first_name +' '+ B.last_name) AS Number_OF_Subordinates
		FROM employees A
		JOIN employees B
		ON A.employee_id=B.manager_id
		GROUP BY A.first_name + ' '+ A.last_name;
--B. To find the managers who have at least five direct reports
		SELECT A.first_name + ' '+ A.last_name AS Manager,
		COUNT(B.first_name +' '+ B.last_name) AS Number_OF_Subordinates
		FROM employees A
		JOIN employees B
		ON A.employee_id=B.manager_id
		GROUP BY A.first_name + ' '+ A.last_name
		HAVING COUNT(B.first_name +' '+ B.last_name) >=5;
		
--C. calculates the sum of salary that the company pays for each department and selects only the departments with the sum of salary between 20000 and 30000.
		SELECT Employees.Department_Id,Department_Name,SUM(salary) AS Total_Salary_Of_the_Department
		FROM Employees
		JOIN Departments
		ON Employees.Department_ID=Departments.Department_ID
		GROUP BY Employees.Department_Id,Department_Name
		HAVING SUM(salary) BETWEEN 20000 AND 30000;
--D. To find the department that has employees with the lowest salary greater than 10000
		SELECT Department_ID
		FROM EMployees
		GROUP BY Department_ID
		HAVING MIN(Salary)>10000;
--E. To find the departments that have the average salaries of employees between 5000 and 7000
		SELECT Department_ID
		FROM EMployees
		GROUP BY Department_ID
		HAVING AVG(Salary) BETWEEN 5000 AND 7000;
--TASK 5
--Write a Query to combine the first name and last name of employees and dependents
		  SELECT CONCAT(e.first_name +' '+e.last_name+' ' , d.first_name+' '+d.last_name) AS Employee_And_Dependent
		  FROM employees e
		  JOIN dependents d
		  ON e.employee_id=d.employee_id
--Write a Query to Applies the INTERSECT operator to the A and B tables and sorts the combined result set by the id column in descending order.
		SELECT Employee_id FROM employees
		INTERSECT
		SELECT Employee_id FROM dependents
		order by employee_id DESC;

--A. finds all employees who have at least one dependent.
		
		SELECT  employee_id, first_name+' '+last_name AS Employees_with_dependents		FROM  employees		WHERE		EXISTS( SELECT 1 FROM dependents        WHERE dependents.employee_id = employees.employee_id);
--B . finds employees who do not have any dependents:
		SELECT  employee_id, first_name+' '+last_name AS Employees_With_No_Dependents		FROM  employees		WHERE		NOT	EXISTS( SELECT 1 FROM dependents        WHERE dependents.employee_id = employees.employee_id);
--Questions:-
--A. Suppose the current year is 2000. How to use the simple CASE expression to get the work anniversaries of employees by
		SELECT first_name+' '+last_name AS employee_name,hire_date,
		CASE
		WHEN DATEADD(year,1,hire_date)>'2000' then 'first work anniversary' 
		WHEN DATEADD(year,2,hire_date)>'2000' then 'second work anniversary'
		WHEN DATEADD(year,3,hire_date)>'2000' then 'third work anniversary'
		WHEN DATEADD(year,4,hire_date)>'2000' then 'fourth work anniversary'
		WHEN DATEADD(year,5,hire_date)>'2000' then 'fifth work anniversary'
		WHEN DATEADD(year,6,hire_date)>'2000' then 'sixth work anniversary'
		WHEN DATEADD(year,7,hire_date)>'2000' then 'seventh work anniversary'
		WHEN DATEADD(year,8,hire_date)>'2000' then 'eighth work anniversary'
		WHEN DATEADD(year,9,hire_date)>'2000' then 'ninth work anniversary'
		WHEN DATEADD(year,10,hire_date)>'2000' then 'tenth work anniversary'
		ELSE 'above decade anniversary'
		END AS Work_Anniversary
		FROM employees
		ORDER BY hire_date;
--B. Write a Query
	 --If the salary is less than 3000, the CASE expression returns “Low”.
     --If the salary is between 3000 and 5000, it returns “average”.
	 --When the salary is greater than 5000, the CASE expression returns “High”.
		SELECT salary,
		CASE 
		WHEN salary<3000 THEN 'Low'
		WHEN salary BETWEEN 3000 AND 5000 THEN 'Average'
		ELSE 'High'
		END AS Salary_Status
		FROM employees;
--UPDATE CLAUSE
--Suppose the employee id 192 Sarah Bell changed her last name from Bell to Lopez and you need
--to update her record in the employees table.
--Write a Query to update Sarah’s last name from Bell to Lopez
		UPDATE employees
		SET last_name= 'Lopez'
		WHERE first_name ='Sarah'  ;
		
--How to make sure that the last names of children are always matched with the last name of parents in
--the employees table
		UPDATE dependents
		SET last_name=(SELECT last_name FROM employees
		WHERE employee_id= dependents.employee_id);
			
--FINAL TASK
--Write a Query :-
	--1
		SELECT * FROM departments
		WHERE location_id = 1700;
	--2
		SELECT employee_id, first_name, last_name
		FROM employees
		WHERE department_id IN (1 , 3, 8, 10, 11)
		ORDER BY first_name , last_name;
--A. Combine Above two queries using subquery 
-- inorder to find all departments located at the location whose id is 1700 
--and find all employees that belong to the location 1700 by using the department id list of the previous query
		
		SELECT employee_id,
		first_name + ' '+ last_name AS Employee_Name,
		employees.department_ID,department_name, location_id
		FROM employees 
		JOIN departments
		ON employees.department_id=departments.department_id
		WHERE departments.department_id IN(SELECT department_id FROM departments WHERE location_id = 1700)
		ORDER BY first_name , last_name;
--B. to find all employees who do not locate at the location 1700:
		SELECT employee_id,
		first_name + ' '+ last_name AS Employee_Name,
		employees.department_ID,department_name, location_id
		FROM employees 
		JOIN departments
		ON employees.department_id=departments.department_id
		WHERE  NOT departments.department_id IN(SELECT department_id FROM departments WHERE location_id = 1700)
		ORDER BY first_name , last_name;
--C. finds the employees who have the highest salary:
		SELECT first_name+' '+last_name AS Employee_with_highest_Salary, Salary
		FROM employees
		WHERE salary=(SELECT MAX(salary) FROM employees)
--D. finds all employees who salaries are greater than the average salary of all employees:
		SELECT first_name+' '+last_name AS Employee_Name, Salary
		FROM employees
		WHERE salary>(SELECT AVG(salary) FROM employees);
--E. finds all departments which have at least one employee with the salary is greater than 10,000:
		SELECT DISTINCT e.department_id,department_name FROM employees e				
		JOIN departments d
		ON e.department_id=d.department_id 
		WHERE salary>10000;
--F. finds all departments that do not have any employee with the salary greater than 10,000:
		SELECT DISTINCT e.department_id, department_name FROM employees e				
		JOIN departments d
		ON e.department_id=d.department_id 
		where e.department_id NOT IN(select department_id from employees where salary>10000);
--G. to	find the lowest salary by department:
		SELECT Department_ID,  MIN(salary) AS Lowest_Salary
		FROM employees 
		GROUP BY Department_ID;
--H. finds all employees whose salaries are greater than the lowest salary of every department:
		SELECT Employee_ID, salary
		FROM employees
		WHERE  salary > ( select MIN(salary) from employees);
--I. finds all employees whose salaries are greater than or equal to the highest salary of every department
		SELECT Employee_ID, salary
		FROM employees
		WHERE  salary >=( select MAX(salary) from employees);
--J. returns the average salary of every department
		SELECT Department_ID ,AVG(salary) AS Average_Salary
		FROM employees
		GROUP BY department_id;
--K. to calculate the average of average salary of departments :
		SELECT ROUND(AVG(Average_Salary), 0)  AS Average_Of_Average_Salary
		FROM 
	    (SELECT AVG(salary) AS Average_Salary
		FROM employees
	    GROUP BY employees.department_id) department_salary;
--L. finds the salaries of all employees, their average salary,	
	--and the difference between the salary of each employee and the average salary.

		 SELECT employee_id,
		 first_name +' '+ last_name AS Employee_Name, 
		 Salary, 
	    (SELECT ROUND(AVG(salary) ,0) FROM employees) Average_salary ,
		(salary - ( SELECT ROUND(AVG(salary),0) FROM employees))Difference_salary
		 FROM employees
	     ORDER BY  first_name ,last_name ;


